{
  "properties": {
    "connectionReferences": {
      "shared_commondataserviceforapps": {
        "runtimeSource": "embedded",
        "connection": {
          "connectionReferenceLogicalName": "new_sharedcommondataserviceforapps_fdab2"
        },
        "api": {
          "name": "shared_commondataserviceforapps"
        }
      }
    },
    "definition": {
      "$schema": "https://schema.management.azure.com/providers/Microsoft.Logic/schemas/2016-06-01/workflowdefinition.json#",
      "contentVersion": "1.0.0.0",
      "parameters": {
        "$connections": {
          "defaultValue": {},
          "type": "Object"
        },
        "$authentication": {
          "defaultValue": {},
          "type": "SecureObject"
        }
      },
      "triggers": {
        "manual": {
          "metadata": {
            "operationMetadataId": "55dfa1ed-0fb7-4696-b61c-e2f1c6130456"
          },
          "type": "Request",
          "kind": "PowerAppV2",
          "inputs": {
            "schema": {
              "type": "object",
              "properties": {
                "file": {
                  "title": "File Content",
                  "type": "object",
                  "x-ms-dynamically-added": true,
                  "description": "Please select file or image",
                  "x-ms-content-hint": "FILE",
                  "properties": {
                    "name": {
                      "type": "string"
                    },
                    "contentBytes": {
                      "type": "string",
                      "format": "byte"
                    }
                  }
                },
                "text": {
                  "title": "FileName",
                  "type": "string",
                  "x-ms-dynamically-added": true,
                  "description": "Please enter your input",
                  "x-ms-content-hint": "TEXT"
                }
              },
              "required": [
                "text"
              ]
            }
          }
        }
      },
      "actions": {
        "Initialize_variable": {
          "runAfter": {},
          "metadata": {
            "operationMetadataId": "006689bb-936b-4337-a049-85ff0dbe9f6d"
          },
          "type": "InitializeVariable",
          "inputs": {
            "variables": [
              {
                "name": "File Extensions",
                "type": "array",
                "value": "@split(triggerBody()['text'],'.')"
              }
            ]
          }
        },
        "Respond_to_a_PowerApp_or_flow": {
          "runAfter": {
            "Switch": [
              "Succeeded"
            ]
          },
          "metadata": {
            "operationMetadataId": "bb7bcbb3-b6d4-4a38-a095-ed6a40ef3d22"
          },
          "type": "Response",
          "kind": "PowerApp",
          "inputs": {
            "statusCode": 200,
            "body": {
              "success": "Success"
            },
            "schema": {
              "type": "object",
              "properties": {
                "success": {
                  "title": "Success",
                  "x-ms-dynamically-added": true,
                  "type": "string"
                }
              }
            }
          }
        },
        "Switch": {
          "runAfter": {
            "Initialize_variable": [
              "Succeeded"
            ]
          },
          "cases": {
            "Case": {
              "case": "png",
              "actions": {
                "Extract_information_from_documents_2": {
                  "runAfter": {},
                  "metadata": {
                    "operationMetadataId": "a9991efd-60c4-4893-8a9d-aa381e186404",
                    "flowSystemMetadata": {
                      "portalOperationId": "aibuilderpredict_formsprocessing",
                      "portalOperationGroup": "aibuilder",
                      "portalOperationApiDisplayNameOverride": "AI Builder",
                      "portalOperationIconOverride": "https://content.powerapps.com/resource/makerx/static/pauto/images/designeroperations/aiBuilderNew.51dbdb6b.png",
                      "portalOperationBrandColorOverride": "#0A76C4",
                      "portalOperationApiTierOverride": "Standard"
                    }
                  },
                  "type": "OpenApiConnection",
                  "inputs": {
                    "host": {
                      "connectionName": "shared_commondataserviceforapps",
                      "operationId": "aibuilderpredict_formsprocessing",
                      "apiId": "/providers/Microsoft.PowerApps/apis/shared_commondataserviceforapps"
                    },
                    "parameters": {
                      "recordId": "b1ce03b3-9d48-4339-ae3a-ec5ca702c926",
                      "item/requestv2/mimeType": "image/png",
                      "item/requestv2/base64Encoded": "@base64ToBinary(triggerBody()?['file']?['contentBytes'])"
                    },
                    "authentication": "@parameters('$authentication')"
                  }
                },
                "Add_a_new_row_2": {
                  "runAfter": {
                    "Extract_information_from_documents_2": [
                      "Succeeded"
                    ]
                  },
                  "metadata": {
                    "operationMetadataId": "d38306fe-24ae-47ee-ab70-f3dfa54d0e5a"
                  },
                  "type": "OpenApiConnection",
                  "inputs": {
                    "host": {
                      "connectionName": "shared_commondataserviceforapps",
                      "operationId": "CreateRecord",
                      "apiId": "/providers/Microsoft.PowerApps/apis/shared_commondataserviceforapps"
                    },
                    "parameters": {
                      "entityName": "cr935_profilerepositories",
                      "item/cr935_candidatename": "@outputs('Extract_information_from_documents_2')?['body/responsev2/predictionOutput/labels/CandidateName/value']",
                      "item/cr935_dob": "@outputs('Extract_information_from_documents_2')?['body/responsev2/predictionOutput/labels/DOB/value']",
                      "item/cr935_education": "@outputs('Extract_information_from_documents_2')?['body/responsev2/predictionOutput/labels/Education/value']",
                      "item/cr935_emailid": "@outputs('Extract_information_from_documents_2')?['body/responsev2/predictionOutput/labels/EmailID/value']",
                      "item/cr935_experience": "@outputs('Extract_information_from_documents_2')?['body/responsev2/predictionOutput/labels/Experience/value']",
                      "item/cr935_keyskillsfromprofile": "@outputs('Extract_information_from_documents_2')?['body/responsev2/predictionOutput/labels/KeySkills/value']",
                      "item/cr935_phoneno": "@outputs('Extract_information_from_documents_2')?['body/responsev2/predictionOutput/labels/PhoneNo/value']"
                    },
                    "authentication": "@parameters('$authentication')"
                  }
                }
              }
            },
            "Case_2": {
              "case": "jpeg",
              "actions": {
                "Extract_information_from_documents_3": {
                  "runAfter": {},
                  "metadata": {
                    "operationMetadataId": "0cd4fd3c-fbb3-4908-8ae5-bd508a6ec338",
                    "flowSystemMetadata": {
                      "portalOperationId": "aibuilderpredict_formsprocessing",
                      "portalOperationGroup": "aibuilder",
                      "portalOperationApiDisplayNameOverride": "AI Builder",
                      "portalOperationIconOverride": "https://content.powerapps.com/resource/makerx/static/pauto/images/designeroperations/aiBuilderNew.51dbdb6b.png",
                      "portalOperationBrandColorOverride": "#0A76C4",
                      "portalOperationApiTierOverride": "Standard"
                    }
                  },
                  "type": "OpenApiConnection",
                  "inputs": {
                    "host": {
                      "connectionName": "shared_commondataserviceforapps",
                      "operationId": "aibuilderpredict_formsprocessing",
                      "apiId": "/providers/Microsoft.PowerApps/apis/shared_commondataserviceforapps"
                    },
                    "parameters": {
                      "recordId": "b1ce03b3-9d48-4339-ae3a-ec5ca702c926",
                      "item/requestv2/mimeType": "image/jpeg",
                      "item/requestv2/base64Encoded": "@base64ToBinary(triggerBody()?['file']?['contentBytes'])"
                    },
                    "authentication": "@parameters('$authentication')"
                  }
                },
                "Add_a_new_row_3": {
                  "runAfter": {
                    "Extract_information_from_documents_3": [
                      "Succeeded"
                    ]
                  },
                  "metadata": {
                    "operationMetadataId": "f54fd89a-8a4f-4790-9e91-afbeb033cab2"
                  },
                  "type": "OpenApiConnection",
                  "inputs": {
                    "host": {
                      "connectionName": "shared_commondataserviceforapps",
                      "operationId": "CreateRecord",
                      "apiId": "/providers/Microsoft.PowerApps/apis/shared_commondataserviceforapps"
                    },
                    "parameters": {
                      "entityName": "cr935_profilerepositories",
                      "item/cr935_candidatename": "@outputs('Extract_information_from_documents_3')?['body/responsev2/predictionOutput/labels/CandidateName/value']",
                      "item/cr935_dob": "@outputs('Extract_information_from_documents_3')?['body/responsev2/predictionOutput/labels/DOB/value']",
                      "item/cr935_education": "@outputs('Extract_information_from_documents_3')?['body/responsev2/predictionOutput/labels/Education/value']",
                      "item/cr935_emailid": "@outputs('Extract_information_from_documents_3')?['body/responsev2/predictionOutput/labels/EmailID/value']",
                      "item/cr935_experience": "@outputs('Extract_information_from_documents_3')?['body/responsev2/predictionOutput/labels/Experience/value']",
                      "item/cr935_keyskillsfromprofile": "@outputs('Extract_information_from_documents_3')?['body/responsev2/predictionOutput/labels/KeySkills/value']",
                      "item/cr935_phoneno": "@outputs('Extract_information_from_documents_3')?['body/responsev2/predictionOutput/labels/PhoneNo/value']"
                    },
                    "authentication": "@parameters('$authentication')"
                  }
                }
              }
            },
            "Case_3": {
              "case": "pdf",
              "actions": {
                "Extract_information_from_documents": {
                  "runAfter": {},
                  "metadata": {
                    "operationMetadataId": "3b9b5e74-32b5-459f-820f-0f071293cfb6",
                    "flowSystemMetadata": {
                      "portalOperationId": "aibuilderpredict_formsprocessing",
                      "portalOperationGroup": "aibuilder",
                      "portalOperationApiDisplayNameOverride": "AI Builder",
                      "portalOperationIconOverride": "https://content.powerapps.com/resource/makerx/static/pauto/images/designeroperations/aiBuilderNew.51dbdb6b.png",
                      "portalOperationBrandColorOverride": "#0A76C4",
                      "portalOperationApiTierOverride": "Standard"
                    }
                  },
                  "type": "OpenApiConnection",
                  "inputs": {
                    "host": {
                      "connectionName": "shared_commondataserviceforapps",
                      "operationId": "aibuilderpredict_formsprocessing",
                      "apiId": "/providers/Microsoft.PowerApps/apis/shared_commondataserviceforapps"
                    },
                    "parameters": {
                      "recordId": "b1ce03b3-9d48-4339-ae3a-ec5ca702c926",
                      "item/requestv2/mimeType": "application/pdf",
                      "item/requestv2/base64Encoded": "@base64ToBinary(triggerBody()?['file']?['contentBytes'])"
                    },
                    "authentication": "@parameters('$authentication')"
                  }
                },
                "Add_a_new_row": {
                  "runAfter": {
                    "Extract_information_from_documents": [
                      "Succeeded"
                    ]
                  },
                  "metadata": {
                    "operationMetadataId": "1ff658d4-540a-41c2-9148-2eae13ebf62f"
                  },
                  "type": "OpenApiConnection",
                  "inputs": {
                    "host": {
                      "connectionName": "shared_commondataserviceforapps",
                      "operationId": "CreateRecord",
                      "apiId": "/providers/Microsoft.PowerApps/apis/shared_commondataserviceforapps"
                    },
                    "parameters": {
                      "entityName": "cr935_profilerepositories",
                      "item/cr935_candidatename": "@outputs('Extract_information_from_documents')?['body/responsev2/predictionOutput/labels/CandidateName/value']",
                      "item/cr935_dob": "@outputs('Extract_information_from_documents')?['body/responsev2/predictionOutput/labels/DOB/value']",
                      "item/cr935_education": "@outputs('Extract_information_from_documents')?['body/responsev2/predictionOutput/labels/Education/value']",
                      "item/cr935_emailid": "@outputs('Extract_information_from_documents')?['body/responsev2/predictionOutput/labels/EmailID/value']",
                      "item/cr935_experience": "@outputs('Extract_information_from_documents')?['body/responsev2/predictionOutput/labels/Experience/value']",
                      "item/cr935_keyskillsfromprofile": "@outputs('Extract_information_from_documents')?['body/responsev2/predictionOutput/labels/KeySkills/value']",
                      "item/cr935_phoneno": "@outputs('Extract_information_from_documents')?['body/responsev2/predictionOutput/labels/PhoneNo/value']"
                    },
                    "authentication": "@parameters('$authentication')"
                  }
                }
              }
            }
          },
          "default": {
            "actions": {}
          },
          "expression": "@variables('File Extensions')[1]",
          "metadata": {
            "operationMetadataId": "efb6aefc-67a1-4965-ae67-c85e97dc8ace"
          },
          "type": "Switch"
        }
      }
    },
    "templateName": ""
  },
  "schemaVersion": "1.0.0.0"
}